{
    "frames": [
        {
            "filename": "ish_0",
            "frame": {
                "x": 0,
                "y": 0,
                "w": 16,
                "h": 26
            },
            "anchor": {
                "x": 0.5,
                "y": 0.5
            }
        },
        {
            "filename": "ish_1",
            "frame": {
                "x": 16,
                "y": 0,
                "w": 16,
                "h": 26
            },
            "anchor": {
                "x": 0.5,
                "y": 0.5
            }
        },
        {
            "filename": "ish_2",
            "frame": {
                "x": 32,
                "y": 0,
                "w": 16,
                "h": 26
            },
            "anchor": {
                "x": 0.5,
                "y": 0.5
            }
        },
        {
            "filename": "ish_3",
            "frame": {
                "x": 48,
                "y": 0,
                "w": 16,
                "h": 26
            },
            "anchor": {
                "x": 0.5,
                "y": 0.5
            }
        },
        {
            "filename": "ish_4",
            "frame": {
                "x": 64,
                "y": 0,
                "w": 16,
                "h": 26
            },
            "anchor": {
                "x": 0.5,
                "y": 0.5
            }
        },
        {
            "filename": "ish_5",
            "frame": {
                "x": 80,
                "y": 0,
                "w": 16,
                "h": 26
            },
            "anchor": {
                "x": 0.5,
                "y": 0.5
            }
        },
        {
            "filename": "ish_6",
            "frame": {
                "x": 96,
                "y": 0,
                "w": 16,
                "h": 26
            },
            "anchor": {
                "x": 0.5,
                "y": 0.5
            }
        },
        {
            "filename": "ish_7",
            "frame": {
                "x": 112,
                "y": 0,
                "w": 16,
                "h": 26
            },
            "anchor": {
                "x": 0.5,
                "y": 0.5
            }
        },
        {
            "filename": "ish_8",
            "frame": {
                "x": 128,
                "y": 0,
                "w": 16,
                "h": 26
            },
            "anchor": {
                "x": 0.5,
                "y": 0.5
            }
        },
        {
            "filename": "ish_9",
            "frame": {
                "x": 144,
                "y": 0,
                "w": 16,
                "h": 26
            },
            "anchor": {
                "x": 0.5,
                "y": 0.5
            }
        },
        {
            "filename": "ish_10",
            "frame": {
                "x": 160,
                "y": 0,
                "w": 16,
                "h": 26
            },
            "anchor": {
                "x": 0.5,
                "y": 0.5
            }
        },
        {
            "filename": "ish_11",
            "frame": {
                "x": 176,
                "y": 0,
                "w": 16,
                "h": 26
            },
            "anchor": {
                "x": 0.5,
                "y": 0.5
            }
        },
        {
            "filename": "ish_12",
            "frame": {
                "x": 192,
                "y": 0,
                "w": 16,
                "h": 26
            },
            "anchor": {
                "x": 0.5,
                "y": 0.5
            }
        },
        {
            "filename": "ish_13",
            "frame": {
                "x": 208,
                "y": 0,
                "w": 16,
                "h": 26
            },
            "anchor": {
                "x": 0.5,
                "y": 0.5
            }
        },
        {
            "filename": "ish_14",
            "frame": {
                "x": 224,
                "y": 0,
                "w": 16,
                "h": 26
            },
            "anchor": {
                "x": 0.5,
                "y": 0.5
            }
        },
        {
            "filename": "ish_15",
            "frame": {
                "x": 240,
                "y": 0,
                "w": 16,
                "h": 26
            },
            "anchor": {
                "x": 0.5,
                "y": 0.5
            }
        },
        {
            "filename": "ish_16",
            "frame": {
                "x": 256,
                "y": 0,
                "w": 16,
                "h": 26
            },
            "anchor": {
                "x": 0.5,
                "y": 0.5
            }
        }
    ],
    "meta": {
        "description": "Atlas generado con Atlas Packer Phaser3",
        "web": "https://gammafp.github.io/atlas-packer-phaser/"
    }
}